﻿<?xml version="1.0" encoding="utf-8" ?>
<Mappings>
  <StickMappings>
    <StickName>T.16000M</StickName>
    <!--Roll-->
    <AxisToVectorComponent>
      <InputAxis>X</InputAxis>
      <Invert>true</Invert>
      <OutputDevice>Stick</OutputDevice>
      <OutputSet>StickXyz</OutputSet>
      <OutputComponent>Roll</OutputComponent>
      <MappingRange>Full</MappingRange>
    </AxisToVectorComponent>
    <!--Pitch-->
    <AxisToVectorComponent>
      <InputAxis>Y</InputAxis>
      <Invert>true</Invert>
      <OutputDevice>Stick</OutputDevice>
      <OutputSet>StickXyz</OutputSet>
      <OutputComponent>Pitch</OutputComponent>
      <MappingRange>Full</MappingRange>
    </AxisToVectorComponent>
    <ButtonToButton>
      <InputButton>1</InputButton>
      <OutputDevice>Stick</OutputDevice>
      <OutputButton>Trigger</OutputButton>
    </ButtonToButton>
    <ButtonToButton>
      <InputButton>2</InputButton>
      <OutputDevice>Stick</OutputDevice>
      <OutputButton>Menu</OutputButton>
    </ButtonToButton>
    <PovToTouchpad>
      <InputPov>1</InputPov>
      <OutputDevice>Stick</OutputDevice>
      <OutputSet>Touchpad</OutputSet>
    </PovToTouchpad>
  </StickMappings>

  <StickMappings>
    <StickName>TWCS Throttle</StickName>
    <!--Yaw-->
    <!--<AxisToVectorComponent>
      <InputAxis>RotationZ</InputAxis>
      <Invert>false</Invert>
      <OutputDevice>Stick</OutputDevice>
      <OutputSet>StickXyz</OutputSet>
      <OutputComponent>Yaw</OutputComponent>
      <MappingRange>Full</MappingRange>
    </AxisToVectorComponent>-->
    <!--Throttle Power-->
    <AxisToVectorComponent>
      <InputAxis>Z</InputAxis>
      <Invert>true</Invert>
      <OutputDevice>Throttle</OutputDevice>
      <OutputSet>Throttle</OutputSet>
      <OutputComponent>Throttle</OutputComponent>
      <MappingRange>High</MappingRange>
    </AxisToVectorComponent>
    <!-- Throttle Touchpad (Tilt)-->
    <ButtonToVectorComponent>
      <InputButton>7</InputButton>
      <OutputDevice>Throttle</OutputDevice>
      <OutputSet>Touchpad</OutputSet>
      <OutputComponent>Y</OutputComponent>
      <PressValue>1</PressValue>
      <ReleaseValue>0</ReleaseValue>
    </ButtonToVectorComponent>
    <ButtonToVectorComponent>
      <InputButton>9</InputButton>
      <OutputDevice>Throttle</OutputDevice>
      <OutputSet>Touchpad</OutputSet>
      <OutputComponent>Y</OutputComponent>
      <PressValue>-1</PressValue>
      <ReleaseValue>0</ReleaseValue>
    </ButtonToVectorComponent>
    <!--Brake-->
    <ButtonToVectorComponent>
      <InputButton>2</InputButton>
      <OutputDevice>Throttle</OutputDevice>
      <OutputSet>Trigger</OutputSet>
      <OutputComponent>Trigger</OutputComponent>
      <PressValue>1</PressValue>
      <ReleaseValue>0</ReleaseValue>
    </ButtonToVectorComponent>
  <!--Countermeasures-->
    <ButtonToButton>
      <InputButton>1</InputButton>
      <OutputDevice>Throttle</OutputDevice>
      <OutputButton>Menu</OutputButton>
    </ButtonToButton>
  </StickMappings>
</Mappings>